nombre_variante,nombre_canonico
POR-PROPUESTA REPUBLICANA,PRO-PROPUESTA REPUBLICANA
MOVIMIENTO POLITICO SOCIAL Y CULTURAL PROYECTO SUR,"MOVIMIENTO POLITICO, SOCIAL Y CULTURAL PROYECTO SUR"
"MOVIMIENTO POLITICO, SOCIAL Y CULTURAL-PROYECTO SUR-","MOVIMIENTO POLITICO, SOCIAL Y CULTURAL PROYECTO SUR"
"MOVIMIENTO POLITICO, SOCIAL Y CULTURAL-PROYECTO SUR","MOVIMIENTO POLITICO, SOCIAL Y CULTURAL PROYECTO SUR"
PROYECTO JOVEN-EN LA ALIANZA ESTA COMO PARTIDO LIBERTARIO-,PROYECTO JOVEN
"MOVIMIENTO INTEGRACION LATINOAMERICANA DE EXPRESION SOCIAL POR TIERRA, TECHO Y TRABAJO (M.I.L.E.S.T.T.T)","MOVIMIENTO INTEGRACION LATINOAMERICANA DE EXPRESION SOCIAL POR TIERRA, TECHO Y TRABAJO (M.I.L.E.S.T.T.T.)"
"MOVIMIENTO INTEGRACION LATINOAMERICANA DE EXPRESION SOCIAL POR TIERRA, TECHO Y TRABAJO (M.I.L.E.S.T.TYT)","MOVIMIENTO INTEGRACION LATINOAMERICANA DE EXPRESION SOCIAL POR TIERRA, TECHO Y TRABAJO (M.I.L.E.S.T.T.T.)"
"MOVIMIENTO INTEGRACION LATINOAMERICANA DE EXPRESION SOCIAL POR TIERRA, TECHO Y TRABAJO (M.I.L.E.S.T.TYT).","MOVIMIENTO INTEGRACION LATINOAMERICANA DE EXPRESION SOCIAL POR TIERRA, TECHO Y TRABAJO (M.I.L.E.S.T.T.T.)"
PARTIDO DEMOCRATA CRISTIANO-NO SE RESTO LA SEC DICE QUE ESTA FIRME,PARTIDO DEMOCRATA CRISTIANO
